name,cuisine,address,latitude,longitude,amenity,source,area,rating,review_count,popularity,quality_score,weighted_score
Ayam Lodho Malang,Unknown,"Ayam Lodho Malang, Jalan Karya Timur 1, Malang 65122, East Java, Indonesia",-7.953006899757888,112.64052360378248,"['building', 'building.catering', 'catering', 'catering.restaurant']",geoapify,Kota Malang,4.6,1596,7.3758821482150125,0.9199999999999999,4.675976859430749
Sudi Mampir,Unknown,"Sudi Mampir, Jalan Kesatrian Dalam 32, Malang 65121, East Java, Indonesia",-7.978436099759394,112.64326169999998,"['catering', 'catering.cafe', 'internet_access', 'wheelchair', 'wheelchair.yes']",geoapify,Kota Malang,3.9,1045,6.952728644624869,0.78,4.102447635829557
Toko Oen,Unknown,"Toko Oen, Jalan Jenderal Basuki Rachmat 5, Malang 65119, East Java, Indonesia",-7.98070299975953,112.6302201,"['catering', 'catering.restaurant', 'catering.restaurant.western']",geoapify,Kota Malang,4.2,942,6.849066282633458,0.8400000000000001,4.291984998653343
Lafferie,Unknown,"Lafferie, Jalan Lembah Dieng 6, Malang 65115, East Java, Indonesia",-7.970398699758908,112.60322209999998,"['catering', 'catering.restaurant', 'vegan', 'vegan.only']",geoapify,Kota Malang,4.4,301,5.71042701737487,0.8800000000000001,4.207221046607698
D'chareso,Unknown,"D'chareso, Jalan Laksda Adi Sucipto 190, Malang 65126, East Java, Indonesia",-7.945269099757433,112.6508979,"['catering', 'catering.cafe', 'internet_access', 'internet_access.free']",geoapify,Kota Malang,4.5,889,6.7912214627261855,0.9,4.490566605906476
The Arbanat,Unknown,"The Arbanat, Jalan Terusan Dieng, Malang 65115, East Java, Indonesia",-7.972186599759022,112.60731279537916,"['building', 'building.catering', 'catering', 'catering.cafe']",geoapify,Kota Malang,4.4,1432,7.267525427828172,0.8800000000000001,4.514587570085172
Vegan Mie pPanjang,Unknown,"Vegan Mie pPanjang, Jalan Letnan Jenderal Sunandar Priyosudarmo 22-24, Malang 65122, East Java, Indonesia",-7.953830699757925,112.6456811,"['catering', 'catering.restaurant', 'vegan', 'vegan.only']",geoapify,Kota Malang,4.1,1006,6.914730892718563,0.82,4.234946994363998
Martabak Agung Resto,Unknown,"Martabak Agung Resto, Jalan Merdeka Timur 2F, Malang 65118, East Java, Indonesia",-7.98349039975969,112.6318818,"['catering', 'catering.restaurant']",geoapify,Kota Malang,4.2,1342,7.202661196523238,0.8400000000000001,4.361783566728421
Warung Mbah Riman Barokah,Unknown,"Warung Mbah Riman Barokah, Jalan Candi Trowulan 68, Malang 65125, East Java, Indonesia",-7.941335799757193,112.6377521,"['catering', 'catering.restaurant']",geoapify,Kota Malang,3.8,921,6.826545223556594,0.76,4.0075394096096355
Tipsy Lion Malang,Unknown,"Tipsy Lion Malang, Jalan Soekarno Hatta 18, Malang 65141, East Java, Indonesia",-7.944416999757374,112.61983119999998,"['catering', 'catering.cafe', 'internet_access', 'internet_access.for_customers']",geoapify,Kota Malang,4.0,1955,7.578656850594762,0.8,4.296003973260696
Pizza Hut Delivery Sawojajar,Unknown,"Pizza Hut Delivery, Jalan Danau Toba 1, Malang 65139, East Java, Indonesia",-7.981411399759573,112.6540448,"['catering', 'catering.restaurant', 'catering.restaurant.pizza']",geoapify,Kota Malang,3.7,1036,6.9440872082295275,0.74,3.9607418423839675
Ayam Benjos,Unknown,"Ayam Benjos, Jalan Danau Toba 12, Malang 65139, East Java, Indonesia",-7.979488699759456,112.659232,"['catering', 'catering.restaurant']",geoapify,Kota Malang,4.2,556,6.322565239927284,0.8400000000000001,4.188055282960711
Depot 77 Sawojajar Halalan Toyiban,Unknown,"Depot 77 Sawojajar Halalan Toyiban, Jalan Danau Bratan H1 - Q33, Malang 65139, East Java, Indonesia",-7.978333399759375,112.6670842,"['catering', 'catering.restaurant']",geoapify,Kota Malang,4.5,1455,7.283448228756631,0.9,4.5877306828984326
Mifeng Kopitiam,Unknown,"Mifeng Kopitiam, Ijen Boulevard 94, RW 07 Kel. Oro Oro Dowo, Klojen Kota Malang, Malang 65119, East Java, Indonesia",-7.963045099758472,112.62578179999998,"['catering', 'catering.restaurant', 'catering.restaurant.regional', 'halal']",geoapify,Kota Malang,4.5,1305,7.174724309836376,0.9,4.566268909671372
Cigyl and Craft,Unknown,"Cigyl and Craft, Ijen Boulevard 25a, RW 07 Kel. Oro Oro Dowo, Klojen Kota Malang, Malang 65115, East Java, Indonesia",-7.971999999759011,112.6208525,"['catering', 'catering.cafe']",geoapify,Kota Malang,3.6,1037,6.945051063725834,0.72,3.890932104547904
Coto Makassar,Unknown,"Coto Makassar, Jalan Widodaren 99, Malang 65119, East Java, Indonesia",-7.979777199759478,112.62702199999998,"['catering', 'catering.restaurant', 'catering.restaurant.indonesian', 'internet_access', 'internet_access.free']",geoapify,Kota Malang,4.0,1731,7.4570320891223805,0.8,4.271995612676948
Teman Nongkrong Malang,Unknown,"Teman Nongkrong Malang, Jalan Jaksa Agung Suprapto 40 B4, Malang 65115, East Java, Indonesia",-7.967204299758717,112.6339554,"['catering', 'catering.cafe']",geoapify,Kota Malang,4.1,1773,7.480992162869525,0.82,4.3467252588704595
Sego Tempong ABG,Unknown,"Sego Tempong ABG, Jalan Candi Waringin Lawang, Malang 65125, East Java, Indonesia",-7.942745399757281,112.6376146,"['catering', 'catering.restaurant', 'catering.restaurant.indonesian', 'wheelchair', 'wheelchair.limited']",geoapify,Kota Malang,3.8,1315,7.182352111885263,0.76,4.077774614758347
Waroeng Steak & Shake,Unknown,"Waroeng Steak & Shake, Arjuno St., Malang 65119, East Java, Indonesia",-7.97906429975943,112.6263111,"['catering', 'catering.restaurant']",geoapify,Kota Malang,4.2,68,4.23410650459726,0.8400000000000001,3.7757998361661347
TUKU - Malang,Unknown,"TUKU - Malang, Jombang St. 27, Malang 65115, East Java, Indonesia",-7.967295999758731,112.6155925,"['catering', 'catering.cafe']",geoapify,Kota Malang,4.1,1948,7.575071699507561,0.82,4.365296275263949
Oppa Express,Unknown,"Oppa Express, Jalan Jenderal Basuki Rachmat 41, RW 04 Kel. Oro Oro Dowo, Klojen Kota Malang, Malang 65119, East Java, Indonesia",-7.978663599759403,112.6292867,"['catering', 'catering.cafe']",geoapify,Kota Malang,3.6,1868,7.533158807455563,0.72,4.007022796958131
Kolektibles,Unknown,"Kolektibles, Jalan Puncak Tidar, Pandanlandung 65146, East Java, Indonesia",-7.964412799758557,112.5929172,"['catering', 'catering.cafe']",geoapify,Kota Malang,4.1,1470,7.293697720601438,0.82,4.3097539016330995
Maju Jaya 57,Unknown,"Maju Jaya 57, Jalan Arif Margono 6, Malang 65117, East Java, Indonesia",-7.985522599759819,112.6242539,"['catering', 'catering.restaurant']",geoapify,Kota Malang,4.6,821,6.71174039505618,0.9199999999999999,4.544877283197004
SA Asli Masakan Padang,Unknown,"SA Asli Masakan Padang, Jalan Terusan Dieng, Malang 65115, East Java, Indonesia",-7.972801849759056,112.61244476721356,"['building', 'building.catering', 'catering', 'catering.restaurant']",geoapify,Kota Malang,4.4,1368,7.221835825288449,0.8800000000000001,4.505568580535492
Rumah Makan Kairo Jagalan,Unknown,"Rumah Makan Kairo Jagalan, Kapten Piere Tendean 1, Malang 65117, East Java, Indonesia",-7.986776049759885,112.6284335,"['building', 'building.catering', 'catering', 'catering.restaurant', 'catering.restaurant.asian']",geoapify,Kota Malang,4.2,183,5.214935757608986,0.8400000000000001,3.9694125684117845
Warung Prasmanan Pagi 99,Unknown,"Warung Prasmanan Pagi 99, Jalan Terusan Sulfat A4, Malang 65139, East Java, Indonesia",-7.966607599758685,112.66006865,"['building', 'building.catering', 'building.public_and_civil', 'catering', 'catering.restaurant', 'catering.restaurant.indonesian', 'halal']",geoapify,Kota Malang,3.5,1806,7.499423290592229,0.7,3.93036350781726
Depot Gang Djangkrik,Unknown,"Depot Gang Djangkrik, Kawi Street 26, Malang 65100, East Java, Indonesia",-7.975403299759204,112.61924708569114,"['building', 'building.catering', 'building.commercial', 'catering', 'catering.restaurant']",geoapify,Kota Malang,4.4,633,6.452048954437226,0.8800000000000001,4.353614977138476
Kopi Kenangan,Unknown,"Kopi Kenangan, Bondowoso St., Malang 65115, East Java, Indonesia",-7.967182399758723,112.61428976490824,"['access', 'access.yes', 'building', 'building.catering', 'catering', 'catering.cafe', 'catering.cafe.coffee', 'catering.cafe.coffee_shop', 'halal', 'halal.only']",geoapify,Kota Malang,3.8,1519,7.326465613840322,0.76,4.1062221847929194
Bakso Bakar Pak Man Malangf,Unknown,"Bakso Bakar Pak Man Malangf, Jalan Profesor Mohammad Yamin, Malang 65117, East Java, Indonesia",-7.989600499760056,112.63083,"['catering', 'catering.fast_food']",geoapify,Kota Malang,3.9,1786,7.488293515159428,0.78,4.208166523760955
Soto Daging Madura,Unknown,"Soto Daging Madura, Jalan Nusa Kambangan, Malang 65117, East Java, Indonesia",-7.988586299759995,112.62943699999998,"['catering', 'catering.fast_food']",geoapify,Kota Malang,4.8,123,4.820281565605037,0.96,4.311509022844134
Warung Rujak Scui,Unknown,"Warung Rujak Scui, Halmahera 2, Malang 65117, East Java, Indonesia",-7.987827299759958,112.6293698,"['catering', 'catering.fast_food']",geoapify,Kota Malang,3.6,1428,7.264730177929867,0.72,3.9540357961974557
Tahu Campur Ichwan,Unknown,"Tahu Campur Ichwan, Jalan Kapten Pierre Tendean, Malang 65117, East Java, Indonesia",-7.987261299759921,112.6302226,"['catering', 'catering.fast_food']",geoapify,Kota Malang,4.4,961,6.8690144506657065,0.8800000000000001,4.435922706775486
Warung Facebook,Unknown,"Warung Facebook, Jalan Halmahera, Malang 65117, East Java, Indonesia",-7.9881601997599665,112.6299181,"['catering', 'catering.cafe']",geoapify,Kota Malang,3.9,1416,7.256297239690681,0.78,4.162371159658186
Warung Susu Kopi STMJ,Unknown,"Warung Susu Kopi STMJ, Jalan Nusa Kambangan, Malang 65117, East Java, Indonesia",-7.988464499759979,112.6295442,"['catering', 'catering.cafe', 'catering.cafe.coffee', 'catering.cafe.coffee_shop']",geoapify,Kota Malang,3.6,1238,7.122059881629142,0.72,3.925873110600282
Warung Soto Pak Ali,Unknown,"Warung Soto Pak Ali, Jalan Halmahera, Malang 65117, East Java, Indonesia",-7.988283899759979,112.6299788,"['catering', 'catering.fast_food']",geoapify,Kota Malang,3.9,1628,7.395721608602045,0.78,4.189893108992044
Warung Bakso Lek Mi,Unknown,"Warung Bakso Lek Mi, Kapten Piere Tendean 3, Malang 65117, East Java, Indonesia",-7.987362099759918,112.629304,"['catering', 'catering.fast_food']",geoapify,Kota Malang,4.5,1581,7.366445148327599,0.9,4.604114024154585
Es Ketan SMKN 4 Malang,Unknown,"Es Ketan SMKN 4 Malang, Jalan Tanimbar, Malang 65117, East Java, Indonesia",-7.989963899760084,112.6269577,"['catering', 'catering.restaurant']",geoapify,Kota Malang,4.6,1604,7.380879035564116,0.9199999999999999,4.676963229901871
Tahu Lontong Lamongan Nusakambangan,Unknown,"Tahu Lontong Lamongan Nusakambangan, Jalan Nusa Kambangan, Malang 65117, East Java, Indonesia",-7.988290699759986,112.62781270000002,"['catering', 'catering.restaurant']",geoapify,Kota Malang,3.9,1853,7.5251007461258,0.78,4.21543215998858
Tahu Lontong Bu Ita,Unknown,"Tahu Lontong Bu Ita, Piere Tendean 1D, Malang 65117, East Java, Indonesia",-7.987698699759949,112.62873709999998,"['catering', 'catering.restaurant']",geoapify,Kota Malang,4.6,1127,7.028201432058005,0.9199999999999999,4.607345736126071
Mie Pangsit Lezat Cak To,Unknown,"Mie Pangsit Lezat Cak To, Jalan Nusa Kambangan, Malang 65117, East Java, Indonesia",-7.98805039975996,112.6272196,"['catering', 'catering.restaurant']",geoapify,Kota Malang,4.5,948,6.855408798609928,0.9,4.503236992151443
Bebek Goreng H. Slamet,Unknown,"Bebek Goreng H. Slamet, Welirang St. 41, RW 07 Kel. Oro Oro Dowo, Klojen Kota Malang, Malang 65112, East Java, Indonesia",-7.972721799759046,112.6242995,"['catering', 'catering.restaurant', 'catering.restaurant.indonesian']",geoapify,Kota Malang,4.3,593,6.386879319362645,0.86,4.270750687999977
Ikan Bakar 52,Unknown,"Ikan Bakar 52, Jalan Kyai Haji Agus Salim 11, Malang 65118, East Java, Indonesia",-7.98400239975973,112.6330484,"['catering', 'catering.restaurant', 'catering.restaurant.indonesian']",geoapify,Kota Malang,4.2,540,6.293419278846481,0.8400000000000001,4.182301958269943
Ichiban Sushi,Unknown,"Ichiban Sushi, Jalan Langsep Barat I, Malang 65115, East Java, Indonesia",-7.973712099759112,112.6118366,"['catering', 'catering.restaurant', 'catering.restaurant.japanese', 'catering.restaurant.sushi']",geoapify,Kota Malang,4.3,575,6.3561076606958915,0.86,4.264676455515671
Rice Bowl,Unknown,"Rice Bowl, Jalan Terusan Dieng, Malang 65115, East Java, Indonesia",-7.973660599759099,112.6114342,"['catering', 'catering.restaurant', 'catering.restaurant.indonesian']",geoapify,Kota Malang,3.5,1926,7.563719668414366,0.7,3.9430554186115376
crispycornermalang,Unknown,"crispycornermalang, Jalan Pattimura 14, Malang 65111, East Java, Indonesia",-7.973451999759104,112.6361108,"['catering', 'catering.cafe', 'internet_access']",geoapify,Kota Malang,4.7,1528,7.332369205929062,0.9400000000000001,4.737387536041218
MAXIM STRONG RIDER,Unknown,"MAXIM STRONG RIDER, Jalan Sawojajar 20, Malang 65139, East Java, Indonesia",-7.973681899759099,112.6556219,"['catering', 'catering.cafe', 'internet_access']",geoapify,Kota Malang,4.7,1418,7.257707677160043,0.9400000000000001,4.722649575754837
DImsum Sewuan,Unknown,"DImsum Sewuan, Kh. Ahmad Dahlan Gang 1 464, Malang 65118, East Java, Indonesia",-7.985450899759808,112.63463179999998,"['catering', 'catering.restaurant']",geoapify,Kota Malang,4.8,1206,7.095893221097532,0.96,4.760707890839846
Richeese Factory Ijen,Unknown,"Richeese Factory Ijen, Ijen St., RW 05 Kel. Oro Oro Dowo, Klojen Kota Malang, Malang 65115, East Java, Indonesia",-7.965716899758635,112.6246119,"['catering', 'catering.fast_food']",geoapify,Kota Malang,3.6,1405,7.2485040723706105,0.72,3.950832811966115
Pecel Kawi,Unknown,"Pecel Kawi, Kawi Street, Malang 65100, East Java, Indonesia",-7.975694899759234,112.62001569999998,"['catering', 'catering.restaurant', 'catering.restaurant.indonesian', 'catering.restaurant.regional']",geoapify,Kota Malang,4.3,991,6.899723107284872,0.86,4.371984502845876
MAXIM RONGGOLAWE KLOJEN,Unknown,"MAXIM RONGGOLAWE KLOJEN, Jalan Ronggolawe 23, Malang 65126, East Java, Indonesia",-7.971374799758974,112.643634,"['catering', 'catering.cafe', 'catering.cafe.coffee', 'catering.cafe.coffee_shop', 'internet_access']",geoapify,Kota Malang,3.9,809,6.697034247666484,0.78,4.0519743341177605
Lafayette Coffee and Eatery,Unknown,"Lafayette Coffee and Eatery, Semeru St. 2, RW 04 Kel. Oro Oro Dowo, Klojen Kota Malang, Malang 65119, East Java, Indonesia",-7.976243499759263,112.6291568,"['catering', 'catering.cafe', 'internet_access', 'internet_access.for_customers']",geoapify,Kota Malang,4.7,1790,7.490529402060711,0.9400000000000001,4.768607881082446
Gerbang Keluar UB Watugong,Unknown,"Gerbang Keluar UB Watugong, Jalan Watu Gong, Malang 16145, East Java, Indonesia",-7.949031399757645,112.6116028,"['catering', 'catering.restaurant']",geoapify,Kota Malang,4.7,806,6.693323668269949,0.9400000000000001,4.61124187695157
Mi Gacoan Sawojajar,Unknown,"Mi Gacoan Sawojajar, Jalan Dirgantara, Malang 65139, East Java, Indonesia",-7.9810979997595535,112.6537118,"['catering', 'catering.restaurant', 'catering.restaurant.indonesian']",geoapify,Kota Malang,3.7,433,6.073044534100405,0.74,3.7888006492325026
Martabak Gudang Rasa,Unknown,"Martabak Gudang Rasa, Jalan Danau Toba, Malang 65139, East Java, Indonesia",-7.979078699759426,112.65943559999998,"['catering', 'catering.fast_food']",geoapify,Kota Malang,4.2,586,6.375024819828097,0.8400000000000001,4.198410645594796
Ayam Bakar Wong Solo,Unknown,"Ayam Bakar Wong Solo, Jalan Widodaren 1, Malang 65119, East Java, Indonesia",-7.979530699759458,112.62660259999998,"['catering', 'catering.restaurant', 'catering.restaurant.indonesian', 'wheelchair', 'wheelchair.limited']",geoapify,Kota Malang,4.5,506,6.2285110035911835,0.9,4.379489260770412
Depot Mie Koh'Oen 5758,Unknown,"Depot Mie Koh'Oen 5758, Jalan Muhammad Husni Thamrin 4, Malang 65111, East Java, Indonesia",-7.97193729975901,112.6354916,"['catering', 'catering.restaurant', 'catering.restaurant.noodle']",geoapify,Kota Malang,4.2,296,5.6937321388027,0.8400000000000001,4.0639255279993955
Kamulyan Tri's Pecel Stall,Unknown,"Kamulyan Tri's Pecel Stall, Jalan Simpang Sulfat Utara 46, Malang 65126, East Java, Indonesia",-7.9582525997581985,112.6559988,"['catering', 'catering.restaurant', 'catering.restaurant.indonesian', 'halal']",geoapify,Kota Malang,4.3,362,5.8944028342648505,0.86,4.173537317218326
Warung Nasi Campur 14,Unknown,"Warung Nasi Campur 14, Jalan Pandanwangi Inside, Malang 65124, East Java, Indonesia",-7.95792599975817,112.66111,"['catering', 'catering.cafe']",geoapify,Kota Malang,4.3,1660,7.415175109613295,0.86,4.473733171338234
H&U Coffee and Eatery,Unknown,"H&U Coffee and Eatery, Jalan Majapahit 1- K, Malang 65119, East Java, Indonesia",-7.979619499759457,112.6312901,"['catering', 'catering.cafe', 'catering.cafe.cake', 'internet_access', 'internet_access.for_customers']",geoapify,Kota Malang,3.9,650,6.478509642208569,0.78,4.008838236988015
Laoban Kopitiam,Unknown,"Laoban Kopitiam, Jalan Soekarno-Hatta Indah, Malang 65142, East Java, Indonesia",-7.940718999757154,112.6300516,"['catering', 'catering.restaurant', 'catering.restaurant.chinese']",geoapify,Kota Malang,4.5,1550,7.346655163176539,0.9,4.600207540855445
Bubur Ayam Agus,Unknown,"Bubur Ayam Agus, Jalan Simpang Wilis Indah 3, Malang 65115, East Java, Indonesia",-7.970676799758924,112.61632509999998,"['catering', 'catering.restaurant']",geoapify,Kota Malang,4.6,1313,7.1808311990445555,0.9199999999999999,4.63747439115705
Morning Mate,Unknown,"Morning Mate, Jalan Candi Trowulan 59, Malang 65125, East Java, Indonesia",-7.941031299757173,112.6376533,"['catering', 'catering.cafe']",geoapify,Kota Malang,4.8,857,6.754604099487962,0.96,4.69333844899495
Sumbersareh,Unknown,"Sumbersareh, Jalan Pisang Agung V, Malang 65115, East Java, Indonesia",-7.973939399759125,112.6042511,"['catering', 'catering.restaurant', 'catering.restaurant.noodle']",geoapify,Kota Malang,3.8,477,6.169610732491456,0.76,3.877862525145826
Kopi Hamur Mbah Indut,Unknown,"Kopi Hamur Mbah Indut, Jalan Arif Rahman Hakim 2, Malang 65119, East Java, Indonesia",-7.978935299759416,112.6282292,"['catering', 'catering.cafe']",geoapify,Kota Malang,3.9,1675,7.424165281042028,0.78,4.195507804026165
Jasa Ayah,Unknown,"Jasa Ayah, Jalan Candi Trowulan, Malang 65125, East Java, Indonesia",-7.940264899757129,112.6358678,"['catering', 'catering.restaurant', 'catering.restaurant.malay', 'catering.restaurant.malaysian', 'internet_access', 'internet_access.free']",geoapify,Kota Malang,4.3,395,5.981414211254481,0.86,4.190713100244464
Dapoer Limboek,Unknown,"Dapoer Limboek, Jalan Brigadir Jenderal Slamet Riyadi, RW 03 Kel. Oro Oro Dowo, Klojen Kota Malang, Malang 65115, East Java, Indonesia",-7.966707499758694,112.6290387,"['catering', 'catering.restaurant']",geoapify,Kota Malang,4.1,940,6.846943139585379,0.82,4.221565896627966
Kopi Wojo,Unknown,"Kopi Wojo, Jalan Jenderal Basuki Rachmat, RW 04 Kel. Oro Oro Dowo, Klojen Kota Malang, Malang 65119, East Java, Indonesia",-7.978996399759426,112.6288045,"['catering', 'catering.cafe']",geoapify,Kota Malang,4.2,709,6.565264970035361,0.8400000000000001,4.235963476682728
Basra Kitchen,Unknown,"Basra Kitchen, Jalan Arif Rahman Hakim 2 986, Malang 65119, East Java, Indonesia",-7.978360099759386,112.62865469999998,"['catering', 'catering.cafe']",geoapify,Kota Malang,4.1,576,6.3578422665081,0.82,4.125018861464148
Hamur Utea,Unknown,"Hamur Utea, Jalan Jenderal Basuki Rachmat, RW 04 Kel. Oro Oro Dowo, Klojen Kota Malang, Malang 65119, East Java, Indonesia",-7.978195399759376,112.62965509999998,"['catering', 'catering.cafe']",geoapify,Kota Malang,3.7,517,6.249975242259483,0.74,3.8237262366572766
Soto Gunung Mbah Djie,Unknown,"Soto Gunung Mbah Djie, Jalan Sigura - Gura 9, Malang 16145, East Java, Indonesia",-7.957957599758164,112.6107049,"['catering', 'catering.restaurant', 'catering.restaurant.indonesian']",geoapify,Kota Malang,3.6,1229,7.114769448366463,0.72,3.9244340010927834
Bakso Malang Cak Cull Sigura-Gura,Unknown,"Bakso Malang Cak Cull Sigura-Gura, Jalan Sigura - Gura 34, Malang 16145, East Java, Indonesia",-7.957742699758152,112.60759319999998,"['catering', 'catering.restaurant', 'catering.restaurant.indonesian']",geoapify,Kota Malang,3.9,1841,7.518607216815252,0.78,4.214150356914423
Beken - Bebek Kendang,Unknown,"Beken - Bebek Kendang, Jalan Terusan Sigura-Gura Barat 1A, Malang 16145, East Java, Indonesia",-7.9576661997581555,112.6065554,"['catering', 'catering.restaurant']",geoapify,Kota Malang,3.9,1177,7.071573364211532,0.78,4.125907224541341
Mie Gacoan,Unknown,"Mie Gacoan, Jalan Pajajaran, Malang 65111, East Java, Indonesia",-7.975898799759242,112.6361493,"['catering', 'catering.restaurant', 'catering.restaurant.noodle']",geoapify,Kota Malang,4.5,1734,7.45876269238096,0.9,4.622337228533427
Wwrung Bu Ana,Unknown,"Wwrung Bu Ana, Jalan J. A Suprapto II, Malang 65111, East Java, Indonesia",-7.96735289975873,112.63304789999998,"['catering', 'catering.fast_food']",geoapify,Kota Malang,4.0,1908,7.554334823725748,0.8,4.291202878614096
Crème,Unknown,"Crème, Jalan Simpang Borobudur 1, Malang 65125, East Java, Indonesia",-7.939486099757085,112.63887119999998,"['catering', 'catering.cafe', 'internet_access', 'wheelchair', 'wheelchair.limited']",geoapify,Kabupaten Malang,4.4,1540,7.340186835320115,0.8800000000000001,4.528930712472221
Warung Nasi Matos Bu Kesy,Unknown,"Warung Nasi Matos Bu Kesy, Jalan Gajayana 16, Malang 16145, East Java, Indonesia",-7.948007399757579,112.6088545,"['catering', 'catering.restaurant', 'catering.restaurant.indonesian', 'halal', 'vegetarian']",geoapify,Kota Malang,4.0,1840,7.518064181233078,0.8,4.284043163330577
Critasena,Unknown,"Critasena, Jalan Belakang Rumah Sakit Umum, Malang 65119, East Java, Indonesia",-7.975803299759232,112.6315957,"['catering', 'catering.cafe', 'internet_access']",geoapify,Kota Malang,4.8,762,6.637258031284457,0.96,4.6701746895399765
OYI! Buttermilk Chicken,Unknown,"OYI! Buttermilk Chicken, Jalan Gajayana, Kelurahan Dinoyo, Kecamatan Lowokwaru 65112, East Java, Indonesia",-7.944132799757362,112.6097935,"['catering', 'catering.fast_food']",geoapify,Kota Malang,4.7,658,6.490723534502507,0.9400000000000001,4.571249222438461
Vens Coffee,Unknown,"Vens Coffee, Jalan Candi Trowulan Kav 1, Malang 65142, East Java, Indonesia",-7.939548899757084,112.6330511,"['catering', 'catering.cafe']",geoapify,Kabupaten Malang,3.6,729,6.593044534142437,0.72,3.8214470787376715
Labore Coffee Eatery,Unknown,"Labore Coffee Eatery, 25, Malang 65142, East Java, Indonesia",-7.9393278997570755,112.630696,"['catering', 'catering.cafe']",geoapify,Kabupaten Malang,3.8,1182,7.075808863978387,0.76,4.056743299403268
Hobbies Kitchen,Unknown,"Hobbies Kitchen, 27, Malang 65142, East Java, Indonesia",-7.939262799757063,112.63056989999998,"['catering', 'catering.cafe']",geoapify,Kabupaten Malang,4.3,833,6.726233402358747,0.86,4.337738159066775
Monkey Garage,Unknown,"Monkey Garage, 34, Malang 65142, East Java, Indonesia",-7.938640999757041,112.62910399999998,"['catering', 'catering.cafe']",geoapify,Kabupaten Malang,4.2,1290,7.1631723908466425,0.8400000000000001,4.353988595751885
Levels,Unknown,"Levels, Jalan Borobudur 26, Malang 65142, East Java, Indonesia",-7.939068399757055,112.6364505,"['catering', 'catering.cafe']",geoapify,Kabupaten Malang,3.8,353,5.869296913133774,0.76,3.8185814842119123
Vosco Coffee,Unknown,"Vosco Coffee, Jalan Borobudur 27, Malang 65142, East Java, Indonesia",-7.940168199757121,112.6376659,"['catering', 'catering.cafe']",geoapify,Kota Malang,4.1,1313,7.1808311990445555,0.82,4.28747439115705
Epic Culinary,Unknown,"Epic Culinary, Jalan Candi Trowulan Kav 17, Malang 65142, East Java, Indonesia",-7.939584799757089,112.6333364,"['catering', 'catering.cafe']",geoapify,Kabupaten Malang,4.0,415,6.030685260261263,0.8,3.9904390565100636
Teko Coffee Shop,Unknown,"Teko Coffee Shop, 38A, Malang 65141, East Java, Indonesia",-7.953713399757927,112.6319169,"['catering', 'catering.cafe']",geoapify,Kota Malang,3.8,1691,7.433666540166168,0.76,4.127383323881583
Justice Corner,Unknown,"Justice Corner, 11A, Malang 65141, East Java, Indonesia",-7.95611379975807,112.631717,"['catering', 'catering.cafe']",geoapify,Kota Malang,4.5,483,6.182084906716632,0.9,4.3703248894633955
DW Coffee Shop,Unknown,"DW Coffee Shop, 11, Malang 65145, East Java, Indonesia",-7.961769199758399,112.6210363,"['catering', 'catering.cafe']",geoapify,Kota Malang,4.0,321,5.7745515455444085,0.8,3.9398790347995725
Circle Cafe & Resto,Unknown,"Circle Cafe & Resto, D414, Malang 65141, East Java, Indonesia",-7.941516499757203,112.6228244,"['catering', 'catering.cafe']",geoapify,Kota Malang,4.1,455,6.1224928095143865,0.82,4.0785615894556235
Warung Samudra,Unknown,"Warung Samudra, Jalan Mergan, Malang 65147, East Java, Indonesia",-7.983720399759708,112.61419829267663,"['building', 'building.catering', 'catering', 'catering.restaurant']",geoapify,Kota Malang,4.2,1765,7.476472381163905,0.8400000000000001,4.415833067612407
Madame Wang Secret Garden,Unknown,"Madame Wang Secret Garden, Jalan Telomoyo 12, Malang 65115, East Java, Indonesia",-7.97282799975906,112.61899789546057,"['building', 'building.catering', 'catering', 'catering.restaurant', 'catering.restaurant.indonesian']",geoapify,Kota Malang,4.3,201,5.308267697401205,0.86,4.0578360114458
Cafetaria Citra Land UB,Unknown,"Cafetaria Citra Land UB, Jalan Terusan Cikampek, Malang 65113, East Java, Indonesia",-7.9528804497578705,112.61678736710304,"['building', 'building.catering', 'catering', 'catering.cafe', 'internet_access']",geoapify,Kota Malang,4.1,1031,6.939253946041508,0.82,4.239787771025463
Kedai Ciamso,Unknown,"Kedai Ciamso, Jalan Terusan Dieng 34, Malang 65115, East Java, Indonesia",-7.972881449759063,112.612834373327,"['building', 'building.catering', 'catering', 'catering.restaurant']",geoapify,Kota Malang,3.5,1406,7.249215057114389,0.7,3.8809731582072216
Warung Makan Soto Lombok,Unknown,"Warung Makan Soto Lombok, Jalan Lombok, Malang 65117, East Java, Indonesia",-7.986518749759881,112.62613251182128,"['building', 'building.catering', 'catering', 'catering.restaurant']",geoapify,Kota Malang,4.3,683,6.52795791762255,0.86,4.298599177211136
McDonald's MT Haryono Malang,Unknown,"McDonald's MT Haryono Malang, Jalan Watu Gong, Malang 16145, East Java, Indonesia",-7.946946299757521,112.61267829999998,"['building', 'building.catering', 'catering', 'catering.fast_food', 'catering.fast_food.burger']",geoapify,Kota Malang,4.2,138,4.9344739331306915,0.8400000000000001,3.9140502513101008
Bakso Tengkleng,Unknown,"Bakso Tengkleng, Jalan Terusan Sigura-Gura Barat, Malang 16145, East Java, Indonesia",-7.95768224975816,112.60681327417493,"['building', 'building.catering', 'catering', 'catering.restaurant']",geoapify,Kota Malang,3.8,831,6.723832440821209,0.76,3.9872642165106447
Grand Food Court,Unknown,"Grand Food Court, Jalan Candi Kidal, Malang 65125, East Java, Indonesia",-7.9431760997572995,112.64087352841314,"['building', 'building.catering', 'catering', 'catering.restaurant']",geoapify,Kota Malang,3.8,1254,7.134890851565884,0.76,4.06840590531372
Green Leaf,Unknown,"Green Leaf, Army hero of RI Students St., RW 07 Kel. Oro Oro Dowo, Klojen Kota Malang, Malang 65115, East Java, Indonesia",-7.967257499758725,112.62127768977952,"['building', 'building.catering', 'building.commercial', 'catering', 'catering.restaurant']",geoapify,Kota Malang,3.8,230,5.442417710521793,0.76,3.7343168188761595
Kedai Kopi,Unknown,"Kedai Kopi, Jalan Simpang Ijen, RW 10 Kel. Oro Oro Dowo, Klojen Kota Malang, Malang 65115, East Java, Indonesia",-7.966356349758671,112.62003025367852,"['building', 'building.catering', 'catering', 'catering.cafe']",geoapify,Kota Malang,4.5,1723,7.452402451223638,0.9,4.62108173613816
Warung Marung,Unknown,"Warung Marung, Jalan Watu Gong, Malang 16145, East Java, Indonesia",-7.947371499757549,112.61228105,"['building', 'building.catering', 'catering', 'catering.restaurant']",geoapify,Kota Malang,4.1,1170,7.065613363597717,0.82,4.264730738420558
Ayam dower,Unknown,"Ayam dower, Jalan Gajayana, Malang 16145, East Java, Indonesia",-7.947557699757555,112.60860871295418,"['building', 'building.catering', 'catering', 'catering.restaurant']",geoapify,Kota Malang,4.2,1557,7.351158226430694,0.8400000000000001,4.391096431941672
Pizza Hut,Unknown,"Pizza Hut, Jalan Ciliwung, Malang 65122, East Java, Indonesia",-7.951712399757808,112.63949487864184,"['building', 'building.catering', 'catering', 'catering.restaurant', 'catering.restaurant.pizza']",geoapify,Kota Malang,3.9,937,6.843749949006225,0.78,4.08093557045171
Bingsoo,Unknown,"Bingsoo, Jalan Bendungan Wonogiri, Malang 16145, East Java, Indonesia",-7.960871799758348,112.61337056832238,"['building', 'building.catering', 'catering', 'catering.cafe']",geoapify,Kota Malang,4.2,1586,7.369600720526409,0.8400000000000001,4.394736924576176
MaLiBu Steak 'n' Pizza,Unknown,"MaLiBu Steak 'n' Pizza, Jalan Puncak Mandala, Malang 16145, East Java, Indonesia",-7.965457249758623,112.605228,"['building', 'building.catering', 'catering', 'catering.fast_food']",geoapify,Kota Malang,3.7,326,5.7899601708972535,0.74,3.7329206509071193
Rumah Makan Kaliurang,Unknown,"Rumah Makan Kaliurang, Jalan Kaliurang, Malang 65111, East Java, Indonesia",-7.962737399758456,112.63215371648032,"['building', 'building.catering', 'catering', 'catering.restaurant']",geoapify,Kota Malang,4.4,1479,7.299797366758161,0.8800000000000001,4.520957953362296
Java Dancer,Unknown,"Java Dancer Coffee, Jalan Simpang Ijen, RW 10 Kel. Oro Oro Dowo, Klojen Kota Malang, Malang 65115, East Java, Indonesia",-7.9650556997585955,112.62068758424,"['building', 'building.catering', 'catering', 'catering.restaurant']",geoapify,Kota Malang,4.3,1452,7.2813856635702825,0.86,4.447323538760004
Mamah Sum,Unknown,"Mamah Sum, Jalan Simpang Ijen, RW 10 Kel. Oro Oro Dowo, Klojen Kota Malang, Malang 65115, East Java, Indonesia",-7.965950049758643,112.6202920162604,"['building', 'building.catering', 'catering', 'catering.restaurant']",geoapify,Kota Malang,4.0,1914,7.557472901614746,0.8,4.291822325711767
Batavia Resto,Unknown,"Batavia Resto, Jakarta St., Malang 65115, East Java, Indonesia",-7.964697099758567,112.62017399031168,"['building', 'building.catering', 'catering', 'catering.restaurant']",geoapify,Kota Malang,4.1,1995,7.59890045687141,0.82,4.369999999999999
The Grove Cafe,Unknown,"The Grove Cafe, Wilis St., Malang 65115, East Java, Indonesia",-7.97255629975904,112.61844887448892,"['building', 'building.catering', 'catering', 'catering.cafe']",geoapify,Kota Malang,4.5,293,5.683579767338681,0.9,4.271921480534574
Kaizen,Unknown,"Kaizen, Wilis St., Malang 65115, East Java, Indonesia",-7.972612499759047,112.61826119434654,"['building', 'building.catering', 'catering', 'catering.restaurant']",geoapify,Kota Malang,3.7,55,4.02535169073515,0.74,3.3845922663906927
Neo Kedaton,Unknown,"Neo Kedaton, Wilis St., Malang 65115, East Java, Indonesia",-7.972542149759039,112.61977504163715,"['building', 'building.catering', 'catering', 'catering.restaurant']",geoapify,Kota Malang,3.8,1375,7.226936018493289,0.76,4.086575343270532
Warung Rindu,Unknown,"Warung Rindu, Merbabu St., RW 05 Kel. Oro Oro Dowo, Klojen Kota Malang, Malang 65115, East Java, Indonesia",-7.967687299758751,112.62539224910938,"['catering', 'catering.restaurant']",geoapify,Kota Malang,4.7,183,5.214935757608986,0.9400000000000001,4.319412568411784
Bangi Kopitiam,Unknown,"Bangi Kopitiam, Retawu St., Malang 65112, East Java, Indonesia",-7.969919949758886,112.6192949970926,"['building', 'building.catering', 'catering', 'catering.cafe']",geoapify,Kota Malang,3.6,1833,7.51425465281641,0.72,4.003291173926659
Warung Lesehan Yogyakarta,Unknown,"Warung Lesehan Yogyakarta, Jalan Lembah Dieng, Pandanlandung 16145, East Java, Indonesia",-7.966988699758714,112.59985932329356,"['catering', 'catering.restaurant']",geoapify,Kota Malang,4.3,1078,6.983789965258135,0.86,4.3885790467112145
Sego Sambel,Unknown,"Sego Sambel, Jalan Esberg, Malang 65112, East Java, Indonesia",-7.961258949758372,112.5993634929898,"['catering', 'catering.restaurant']",geoapify,Kota Malang,3.8,971,6.879355804460439,0.76,4.017964058781627
Bubur Jang Kie,Unknown,"Bubur Jang Kie, Jalan Kepundung, Malang 65100, East Java, Indonesia",-7.97446719975915,112.61451704689335,"['building', 'building.catering', 'catering', 'catering.restaurant']",geoapify,Kota Malang,4.8,569,6.345636360828596,0.96,4.61260945254727
Special Soto Boyolali SSB Hj. Hesti Widodo,Unknown,"Special Soto Boyolali SSB Hj. Hesti Widodo, Jalan Leci, Malang 65100, East Java, Indonesia",-7.974674849759165,112.61315029927736,"['building', 'building.catering', 'catering', 'catering.restaurant']",geoapify,Kota Malang,3.7,1255,7.135687347028144,0.74,3.9985631311123964
Cafe Litchi,Unknown,"Cafe Litchi, Jalan Leci 1, Malang 65100, East Java, Indonesia",-7.974703799759166,112.6133260706867,"['building', 'building.catering', 'catering', 'catering.cafe']",geoapify,Kota Malang,4.4,162,5.093750200806762,0.8800000000000001,4.085490905503441
Depot Santo Yusup,Unknown,"Depot Santo Yusup, Jalan Simpang Borobudur 1A, Malang 65125, East Java, Indonesia",-7.940062849757114,112.63855374255522,"['building', 'building.catering', 'catering', 'catering.restaurant', 'catering.restaurant.chinese']",geoapify,Kota Malang,3.9,1158,7.055312843339752,0.78,4.12269744683125
Ayam Geprek Sa`i,Unknown,"Ayam Geprek Sa`i, Jalan Tebo Utara Gang 4, Malang 65147, East Java, Indonesia",-7.985010599759793,112.60170826888869,"['building', 'building.catering', 'catering', 'catering.restaurant']",geoapify,Kota Malang,3.9,1363,7.218176838403408,0.78,4.154846307575251
Ayam Goreng Pemuda,Unknown,"Ayam Goreng Pemuda, Semeru St., RW 08 Kel. Oro Oro Dowo, Klojen Kota Malang, Malang 65119, East Java, Indonesia",-7.975438599759215,112.62655819534947,"['building', 'building.catering', 'catering', 'catering.restaurant']",geoapify,Kota Malang,4.2,654,6.484635235635252,0.8400000000000001,4.220047410629935
Onokatsu,Unknown,"Onokatsu, Jalan Sanggabuana, Malang 65115, East Java, Indonesia",-7.9726953497590545,112.613469406564,"['building', 'building.catering', 'catering', 'catering.restaurant', 'catering.restaurant.japanese']",geoapify,Kota Malang,4.6,1561,7.3537223303996315,0.9199999999999999,4.671602578321037
Nomu,Unknown,"Nomu, Jalan Pandan, Malang 65115, East Java, Indonesia",-7.973879749759122,112.61817893317335,"['building', 'building.catering', 'catering', 'catering.restaurant']",geoapify,Kota Malang,4.4,1925,7.563200592358071,0.8800000000000001,4.572952954565738
Kopi Ortu,Unknown,"Kopi Ortu, Jalan Terusan Kawi, Malang 65115, East Java, Indonesia",-7.974226149759139,112.61617805494924,"['building', 'building.catering', 'catering', 'catering.cafe']",geoapify,Kota Malang,3.8,1885,7.542213463193403,0.76,4.148810158653925
Richeese Factory,Unknown,"Richeese Factory, Jalan Kawi, Malang 65116, East Java, Indonesia",-7.979873149759477,112.62644075423484,"['building', 'building.catering', 'catering', 'catering.fast_food']",geoapify,Kota Malang,3.7,50,3.9318256327243257,0.74,3.3661305050065997
Tahu telor,Unknown,"Tahu telor, Gresik St., Malang 65115, East Java, Indonesia",-7.96615944975866,112.61752574680698,"['building', 'building.catering', 'catering', 'catering.restaurant']",geoapify,Kota Malang,3.7,1332,7.195187320178709,0.74,4.010308246110599
Moshi Moshi Ramen,Unknown,"Moshi Moshi Ramen, Kawi Street, Malang 65100, East Java, Indonesia",-7.975361949759208,112.61912244173362,"['building', 'building.catering', 'building.commercial', 'catering', 'catering.restaurant', 'catering.restaurant.japanese']",geoapify,Kota Malang,4.7,1663,7.416979621381154,0.9400000000000001,4.754089376511226
Depot Kawi 21,Unknown,"Depot Kawi 21, Kawi Street 21, Malang 65100, East Java, Indonesia",-7.975300699759195,112.61894734948224,"['building', 'building.catering', 'building.commercial', 'catering', 'catering.restaurant']",geoapify,Kota Malang,4.6,430,6.066108090103747,0.9199999999999999,4.417431416136999
Depot Purnama,Unknown,"Depot Purnama, Kawi Street 18, Malang 65100, East Java, Indonesia",-7.975259799759208,112.61884747131631,"['building', 'building.catering', 'building.commercial', 'catering', 'catering.restaurant']",geoapify,Kota Malang,3.7,1699,7.438383530044307,0.74,4.058314443437283
Sate Ayam dan Kambing Sakinah,Unknown,"Sate Ayam dan Kambing Sakinah, Jalan Bandulan, Malang 65147, East Java, Indonesia",-7.982221449759614,112.6032358056803,"['building', 'building.catering', 'catering', 'catering.fast_food']",geoapify,Kota Malang,3.7,776,6.655440350367647,0.74,3.9037638244127884
Zocco,Unknown,"Zocco, Jalan Sanggabuana, Malang 65115, East Java, Indonesia",-7.972603299759042,112.61350097189074,"['building', 'building.catering', 'catering', 'catering.cafe']",geoapify,Kota Malang,4.0,1160,7.057036981697891,0.8,4.193037786535906
Pawvillion Dog Café,Unknown,"Pawvillion Dog Café, Jalan Kesemek 4, Malang 65100, East Java, Indonesia",-7.979072499759425,112.61263330809705,"['building', 'building.catering', 'catering', 'catering.cafe']",geoapify,Kota Malang,3.5,1884,7.541683099882111,0.7,3.938705466538078
Kotäsk Kaffe Co.,Unknown,"Kotäsk Kaffe Co., Jalan Raya Langsep 2B, Malang 65100, East Java, Indonesia",-7.975505349759217,112.6123038723663,"['building', 'building.catering', 'catering', 'catering.cafe']",geoapify,Kota Malang,4.1,1917,7.559038255443384,0.82,4.362131321829861
Warkop Agam Banglades,Unknown,"Warkop Agam Banglades, Jalan Raya Langsep, Malang 65100, East Java, Indonesia",-7.975129699759199,112.612417745,"['building', 'building.catering', 'catering', 'catering.restaurant']",geoapify,Kota Malang,4.7,1330,7.193685818395112,0.9400000000000001,4.7100118541933504
Sabana Fried Chicken,Unknown,"Sabana Fried Chicken, Jalan Bandulan Barat, Malang 65147, East Java, Indonesia",-7.98210169975961,112.60279232535936,"['building', 'building.catering', 'catering', 'catering.fast_food']",geoapify,Kota Malang,3.8,1208,7.097548850614793,0.76,4.061034707106224
Kopicu,Unknown,"Kopicu, Jalan Istana Dieng Timur V, Malang 65100, East Java, Indonesia",-7.977778499759354,112.60576040544416,"['building', 'building.catering', 'catering', 'catering.cafe', 'catering.cafe.coffee', 'catering.cafe.coffee_shop']",geoapify,Kota Malang,4.4,1478,7.2991214627108,0.8800000000000001,4.520824531944711
Sari Lambau,Unknown,"Sari Lambau, Jalan Terusan Ijen, Malang 65100, East Java, Indonesia",-7.9779619497593615,112.6197327489945,"['building', 'building.catering', 'catering', 'catering.cafe']",geoapify,Kota Malang,4.0,328,5.796057750765372,0.8,3.9441242947571853
Piring Asia,Unknown,"Piring Asia, Wilis St., Malang 65115, East Java, Indonesia",-7.972585149759044,112.61959237707214,"['building', 'building.catering', 'catering', 'catering.restaurant', 'catering.restaurant.asian']",geoapify,Kota Malang,4.7,946,6.853299093186078,0.9400000000000001,4.642820542672504
Mutiara Minang,Unknown,"Mutiara Minang, Jalan Klampok Kasri Gang 2 D, Malang 65115, East Java, Indonesia",-7.968551749758811,112.61356229051091,"['building', 'building.catering', 'catering', 'catering.restaurant']",geoapify,Kota Malang,4.6,804,6.690842277418564,0.9199999999999999,4.540752057891798
Gogo Fried Chicken,Unknown,"Gogo Fried Chicken, Jalan Galunggung, Malang 65115, East Java, Indonesia",-7.967602399758743,112.61329742473856,"['building', 'building.catering', 'catering', 'catering.fast_food']",geoapify,Kota Malang,4.1,514,6.244166900663736,0.82,4.102579687568619
Galang 8,Unknown,"Galang 8, Kawi Street, Malang 65100, East Java, Indonesia",-7.975236599759205,112.61878202552008,"['building', 'building.catering', 'building.commercial', 'catering', 'catering.restaurant']",geoapify,Kota Malang,4.1,514,6.244166900663736,0.82,4.102579687568619
Rawon Tessy,Unknown,"Rawon Tessy, Kawi Street, Malang 65100, East Java, Indonesia",-7.975123649759189,112.61846349408832,"['building', 'building.catering', 'building.commercial', 'catering', 'catering.restaurant']",geoapify,Kota Malang,4.1,304,5.720311776607412,0.82,3.9991722682262685
Legit,Unknown,"Legit, Kawi Street, Malang 65100, East Java, Indonesia",-7.9751938997592,112.61863498198004,"['building', 'building.catering', 'building.commercial', 'catering', 'catering.restaurant', 'catering.restaurant.indonesian']",geoapify,Kota Malang,4.2,855,6.752270376141742,0.8400000000000001,4.272877779054713
Pizza Hut,Unknown,"Pizza Hut, Semeru St., Malang 65119, East Java, Indonesia",-7.976331799759261,112.62708816244876,"['building', 'building.catering', 'catering', 'catering.restaurant', 'catering.restaurant.pizza']",geoapify,Kota Malang,4.4,805,6.692083742506628,0.8800000000000001,4.400997119350712
Naiki,Unknown,"Naiki, Semeru St., RW 08 Kel. Oro Oro Dowo, Klojen Kota Malang, Malang 65119, East Java, Indonesia",-7.975039049759188,112.62628883440324,"['building', 'building.catering', 'catering', 'catering.cafe']",geoapify,Kota Malang,4.4,755,6.628041376179533,0.8800000000000001,4.388355349658391
Kopi Kenangan,Unknown,"Kopi Kenangan, Kawi Street, Malang 65100, East Java, Indonesia",-7.975540099759215,112.61962613192856,"['building', 'building.catering', 'building.commercial', 'catering', 'catering.cafe', 'catering.cafe.coffee', 'catering.cafe.coffee_shop', 'halal', 'halal.only']",geoapify,Kota Malang,4.3,1581,7.366445148327599,0.86,4.4641140241545845
Nasi Bhuk Kawi Hj. Saudah,Unknown,"Nasi Bhuk Kawi Hj. Saudah, Kawi Street, Malang 65100, East Java, Indonesia",-7.975565199759217,112.6197088819997,"['building', 'building.catering', 'building.commercial', 'catering', 'catering.restaurant']",geoapify,Kota Malang,4.3,190,5.25227342804663,0.86,4.0467829117890055
Sate Ayam Ponorogo Siboen,Unknown,"Sate Ayam Ponorogo Siboen, Kawi Street 27, Malang 65100, East Java, Indonesia",-7.975408799759206,112.61928233383972,"['building', 'building.catering', 'building.commercial', 'catering', 'catering.restaurant']",geoapify,Kota Malang,4.6,958,6.8658910748834385,0.9199999999999999,4.57530616182928
Kedai Soto Banjar,Unknown,"Kedai Soto Banjar, Jalan Terusan Ijen 22, Malang 65100, East Java, Indonesia",-7.976497649759272,112.62025816750172,"['building', 'building.catering', 'catering', 'catering.restaurant']",geoapify,Kota Malang,4.2,1015,6.923628628138427,0.8400000000000001,4.306703380462954
Ayam Goreng Rempah Lohjinawi,Unknown,"Ayam Goreng Rempah Lohjinawi, Jalan Mundu 3, Malang 65100, East Java, Indonesia",-7.97425184975914,112.61570921756244,"['building', 'building.catering', 'catering', 'catering.restaurant', 'halal']",geoapify,Kota Malang,4.1,1386,7.234898420314831,0.82,4.2981470973420715
Rawon Jenggot,Unknown,"Rawon Jenggot, Jalan Simpang Kawi, Malang 65100, East Java, Indonesia",-7.9751453497592,112.61798334360664,"['building', 'building.catering', 'catering', 'catering.restaurant']",geoapify,Kota Malang,3.5,1534,7.336285660021297,0.7,3.8981606322505566
Depot Widari,Unknown,"Depot Widari, Kawi Street 33, Malang 65100, East Java, Indonesia",-7.975520449759218,112.61947713923138,"['building', 'building.catering', 'catering', 'catering.restaurant']",geoapify,Kota Malang,4.2,242,5.493061443340548,0.8400000000000001,4.0243137387804655
Depot Varia,Unknown,"Depot Varia, Kawi Street, Malang 65100, East Java, Indonesia",-7.975532699759215,112.61957789331896,"['building', 'building.catering', 'catering', 'catering.restaurant']",geoapify,Kota Malang,4.6,1075,6.98100574072173,0.9199999999999999,4.5980294491966385
Bakso Pak Rindu,Unknown,"Bakso Pak Rindu, Jalan Bandulan, Malang 65147, East Java, Indonesia",-7.982253049759622,112.60289299376645,"['building', 'building.catering', 'catering', 'catering.restaurant']",geoapify,Kota Malang,3.6,1295,7.16703787691222,0.72,3.934751631026696
Bakso Solo Pak Dji,Unknown,"Bakso Solo Pak Dji, Jalan Bandulan 6D 800A, Malang 65147, East Java, Indonesia",-7.982222399759619,112.60853318709631,"['building', 'building.catering', 'catering', 'catering.restaurant']",geoapify,Kota Malang,4.5,669,6.507277712385012,0.9,4.4345169671555675
Mie Pangsit & Bakso Atlantik,Unknown,"Mie Pangsit & Bakso Atlantik, Jalan Mergan, Malang 65147, East Java, Indonesia",-7.983747699759707,112.61425579139862,"['building', 'building.catering', 'catering', 'catering.restaurant']",geoapify,Kota Malang,4.5,187,5.236441962829949,0.9,4.183657828369397
Bakwan Subur B2/Babi,Unknown,"Bakwan Subur B2/Babi, Jalan Wuni 25, Malang 65100, East Java, Indonesia",-7.979111549759426,112.61407900677484,"['building', 'building.catering', 'building.residential', 'catering', 'catering.restaurant']",geoapify,Kota Malang,3.9,1887,7.543273346705446,0.78,4.219019376458143
Atenk Cuisine,Unknown,"Atenk Cuisine, Jalan Wuni 23, Malang 65100, East Java, Indonesia",-7.979060599759434,112.6141427872353,"['building', 'building.catering', 'building.residential', 'catering', 'catering.restaurant']",geoapify,Kota Malang,4.8,1967,7.584773077612199,0.96,4.857211298001719
Sego Srimben Bu Tjipto,Unknown,"Sego Srimben Bu Tjipto, Jalan Raya Langsep, Malang 65100, East Java, Indonesia",-7.978889399759423,112.613609605229,"['building', 'building.catering', 'catering', 'catering.restaurant']",geoapify,Kota Malang,4.6,794,6.678342114654332,0.9199999999999999,4.53828456351511
Chicken Box,Unknown,"Chicken Box, Jalan Raya Langsep, Malang 65100, East Java, Indonesia",-7.978763499759412,112.6129584441996,"['building', 'building.catering', 'catering', 'catering.restaurant', 'catering.restaurant.chicken']",geoapify,Kota Malang,3.9,606,6.408528791059498,0.78,3.9950242283272375
Pecel & Soto Khas Pacitan,Unknown,"Pecel & Soto Khas Pacitan, Jalan Pelabuhan Tanjung Emas, Sidorahayu 65147, East Java, Indonesia",-7.997101299760502,112.60033895121552,"['building', 'building.catering', 'catering', 'catering.restaurant']",geoapify,Kota Malang,4.3,1237,7.121252453244542,0.86,4.415713726675755
Dapur Meme,Unknown,"Dapur Meme, Jalan Kepundung, Malang 65100, East Java, Indonesia",-7.976141649759251,112.61449144679344,"['building', 'building.catering', 'catering', 'catering.restaurant']",geoapify,Kota Malang,3.5,62,4.143134726391533,0.7,3.2678422819011357
Special Belut Mergan,Unknown,"Special Belut Mergan, Jalan Jupri, Malang 65147, East Java, Indonesia",-7.983866049759715,112.6126231081252,"['building', 'building.catering', 'catering', 'catering.restaurant']",geoapify,Kota Malang,4.3,948,6.855408798609928,0.86,4.3632369921514425
Pangsit Mie & Wonton Kuah Rejeki,Unknown,"Pangsit Mie & Wonton Kuah Rejeki, Jalan Bandulan, Malang 65147, East Java, Indonesia",-7.982281799759621,112.60393241378736,"['building', 'building.catering', 'catering', 'catering.restaurant']",geoapify,Kota Malang,4.6,1166,7.062191632286556,0.9199999999999999,4.6140552989940415
Sego Sambel Cak Uut,Unknown,"Sego Sambel Cak Uut, Jalan Simpang Raya Langsep, Malang 65100, East Java, Indonesia",-7.978968899759419,112.61130075772805,"['building', 'building.catering', 'catering', 'catering.restaurant']",geoapify,Kota Malang,4.8,169,5.135798437050262,0.96,4.373791100343895
Potre Koneng Ayam Kremes Madura,Unknown,"Potre Koneng Ayam Kremes Madura, Wilis St., Malang 65115, East Java, Indonesia",-7.9730800497590755,112.61576221435035,"['building', 'building.catering', 'catering', 'catering.restaurant']",geoapify,Kota Malang,3.6,946,6.853299093186078,0.72,3.8728205426725038
gang jangkrik,Unknown,"gang jangkrik, Jalan Letnan Jenderal Siswondo Parman, Malang 65122, East Java, Indonesia",-7.957557999758152,112.6379083,"['catering', 'catering.restaurant', 'catering.restaurant.asian']",geoapify,Kota Malang,3.9,1798,7.4949862339505335,0.78,4.209487646236981
cofe POM,Unknown,"cofe POM, Jalan Ciliwung, Malang 65122, East Java, Indonesia",-7.952446499757851,112.6394961,"['catering', 'catering.cafe']",geoapify,Kota Malang,3.8,129,4.867534450455582,0.76,3.6208365996005476
KFC,Unknown,"KFC, Jalan Panderman, Malang 65115, East Java, Indonesia",-7.975102199759186,112.6195751,"['catering', 'catering.fast_food']",geoapify,Kota Malang,4.5,820,6.710523109452428,0.9,4.474636994695268
Depot 69,Unknown,"Depot 69, Jalan Borobudur, Malang 65142, East Java, Indonesia",-7.938614499757025,112.6339708,"['catering', 'catering.restaurant', 'catering.restaurant.chinese']",geoapify,Kabupaten Malang,4.0,911,6.815639990074331,0.8,4.145386749456205
Tempe Penyet Mbah Djayus,Unknown,"Tempe Penyet Mbah Djayus, Jalan Candi Sewu, Malang 65125, East Java, Indonesia",-7.939464799757085,112.6352131,"['catering', 'catering.restaurant', 'catering.restaurant.regional']",geoapify,Kabupaten Malang,3.9,1283,7.157735484249907,0.78,4.142915366810225
Bakso Bakar AMB,Unknown,"Bakso Bakar AMB, Jalan Candi Trowulan, Malang 65125, East Java, Indonesia",-7.941282699757189,112.6381554,"['catering', 'catering.restaurant', 'catering.restaurant.regional']",geoapify,Kota Malang,4.6,728,6.591673732008658,0.9199999999999999,4.521176486536557
Warung Cak Pi'i,Unknown,"Warung Cak Pi'i, Jalan Soekarno-Hatta, Malang 65142, East Java, Indonesia",-7.939279199757066,112.6322109,"['catering', 'catering.restaurant', 'catering.restaurant.regional']",geoapify,Kabupaten Malang,4.8,525,6.26530121273771,0.96,4.596751536942208
Bakso Solo Kidul Pasar,Unknown,"Bakso Solo Kidul Pasar, Jalan Halmahera, Malang 65117, East Java, Indonesia",-7.98844859975999,112.6296827,"['catering', 'catering.fast_food']",geoapify,Kota Malang,4.7,755,6.628041376179533,0.9400000000000001,4.598355349658391
Urban Pop,Unknown,"Urban Pop, Jalan Danau Maninjau, Malang 65139, East Java, Indonesia",-7.974431699759156,112.6577192,"['catering', 'catering.restaurant']",geoapify,Kota Malang,4.3,1335,7.197435354096591,0.86,4.430752001216481
Rumah Opa,Unknown,"Rumah Opa, Welirang St., RW 07 Kel. Oro Oro Dowo, Klojen Kota Malang, Malang 65115, East Java, Indonesia",-7.972672399759051,112.6240173,"['catering', 'catering.restaurant', 'internet_access']",geoapify,Kota Malang,4.0,1357,7.213768308118642,0.8,4.223976077011673
Bakso Solo SMA 5 Malang,Unknown,"Bakso Solo SMA 5 Malang, Jalan Nusa Kambangan, Malang 65117, East Java, Indonesia",-7.987928899759963,112.6259181,"['catering', 'catering.restaurant']",geoapify,Kota Malang,3.9,1264,7.142827401161621,0.78,4.139972556233966
Warung Pecel Pak Mul,Unknown,"Warung Pecel Pak Mul, Jalan Tanimbar, Malang 65117, East Java, Indonesia",-7.990337999760097,112.6272616,"['catering', 'catering.restaurant']",geoapify,Kota Malang,3.7,345,5.846438775057725,0.74,3.744069356791811
Bakso Tek Wan,Unknown,"Bakso Tek Wan, Jalan Taman Riau, Malang 65117, East Java, Indonesia",-7.9913947997601715,112.6279303,"['catering', 'catering.restaurant']",geoapify,Kota Malang,4.6,916,6.821107472256465,0.9199999999999999,4.566466013926077
Soto Ayam Lombok Sulawesi,Unknown,"Soto Ayam Lombok Sulawesi, Jalan Flores, Malang 65117, East Java, Indonesia",-7.988264199759984,112.6256758,"['catering', 'catering.restaurant']",geoapify,Kota Malang,4.1,1521,7.3277805384216315,0.82,4.3164817469339365
Bakso Solo Petra,Unknown,"Bakso Solo Petra, Jalan Profesor Mohammad Yamin, Malang 65117, East Java, Indonesia",-7.990427799760114,112.63173000000002,"['catering', 'catering.restaurant']",geoapify,Kota Malang,4.0,1236,7.1204443723924875,0.8,4.205554213956125
Soto Ayam Sempu,Unknown,"Soto Ayam Sempu, Jalan Sempu, Malang 65117, East Java, Indonesia",-7.994137599760335,112.6246876,"['catering', 'catering.restaurant']",geoapify,Kota Malang,4.2,1235,7.119635638017636,0.8400000000000001,4.345394572233067
Coffee Taste,Unknown,"Coffee Taste, Jalan Ngantang, Malang 65122, East Java, Indonesia",-7.960058999758296,112.63265869999998,"['catering', 'catering.cafe', 'commercial', 'commercial.food_and_drink', 'commercial.food_and_drink.coffee_and_tea']",geoapify,Kota Malang,4.6,1806,7.499423290592229,0.9199999999999999,4.70036350781726
Dapoer Mie Galau,Unknown,"Dapoer Mie Galau, Jalan Selorejo, Malang 65122, East Java, Indonesia",-7.9547814997579875,112.63347129999998,"['catering', 'catering.restaurant']",geoapify,Kota Malang,4.3,93,4.543294782270004,0.86,3.9068326683688164
Warung Wareg,Unknown,"Warung Wareg, Jalan Sudanco Supriyadi, RW 04 Kel. Sukun, Sukun, Kota Malang, Malang 65148, East Java, Indonesia",-8.0087450997612,112.6196038,"['catering', 'catering.restaurant']",geoapify,Kota Malang,4.2,232,5.4510384535657,0.8400000000000001,4.016018527516673
Legipait,Unknown,"Legipait, Jalan Pattimura, Malang 65111, East Java, Indonesia",-7.973235499759074,112.634788,"['catering', 'catering.cafe']",geoapify,Kota Malang,3.8,559,6.327936783729195,0.76,3.909115609484081
McDonald's,Unknown,"McDonald's, Jalan Jenderal Basuki Rachmat, Malang 65119, East Java, Indonesia",-7.980840999759529,112.630645,"['catering', 'catering.fast_food', 'catering.fast_food.burger', 'internet_access']",geoapify,Kota Malang,4.1,1500,7.313886831633462,0.82,4.313739171175702
Gadjah Mada,Unknown,"Gadjah Mada, Jalan Sersan K.K.O. Harun, Malang 65118, East Java, Indonesia",-7.987473499759928,112.6320259,"['catering', 'catering.restaurant']",geoapify,Kota Malang,3.7,268,5.594711379601839,0.74,3.6943791291954766
Bebek Gong CBK.,Unknown,"Bebek Gong CBK., Jalan Dokter Sutomo, Malang 65111, East Java, Indonesia",-7.971818099759002,112.6356155,"['catering', 'catering.restaurant']",geoapify,Kota Malang,4.5,926,6.831953565565855,0.9,4.498606999987999
Cak Tomo (seafood&lalapan),Unknown,"Cak Tomo (seafood&lalapan), Jalan Brigadir Jenderal Slamet Riyadi, RW 03 Kel. Oro Oro Dowo, Klojen Kota Malang, Malang 65115, East Java, Indonesia",-7.963724799758508,112.6271134,"['catering', 'catering.restaurant', 'catering.restaurant.indonesian']",geoapify,Kota Malang,4.1,290,5.673323267171493,0.82,3.989896878378235
Warung Lupa Diet,Unknown,"Warung Lupa Diet, Jalan Kawi, Malang 65116, East Java, Indonesia",-7.980201999759497,112.62672469999998,"['catering', 'catering.restaurant', 'catering.restaurant.indonesian', 'internet_access']",geoapify,Kota Malang,4.5,1861,7.529406457837013,0.9,4.636282094476269
Tahu Telor Cahndeso,Unknown,"Tahu Telor Cahndeso, Surabaya St. 56, Kelurahan Sumbersari 65115, East Java, Indonesia",-7.963831199758524,112.614188,"['catering', 'catering.restaurant', 'catering.restaurant.indonesian']",geoapify,Kota Malang,4.5,1188,7.080867896690782,0.9,4.547741937181414
Cafe Willis,Unknown,"Cafe Willis, Wilis St., Malang 65115, East Java, Indonesia",-7.972634499759039,112.6210244,"['catering', 'catering.cafe']",geoapify,Kota Malang,4.2,478,6.171700597410915,0.8400000000000001,4.158275058169121
Dunkin',Unknown,"Dunkin', Jalan Merdeka Timur, Malang 65119, East Java, Indonesia",-7.981931399759594,112.632053,"['catering', 'catering.fast_food']",geoapify,Kota Malang,3.8,280,5.638354669333745,0.76,3.7729941827771643
"Kedai Robara (Roti bakar, coffee)",Unknown,"Kedai Robara (Roti bakar, coffee), Jalan Cipanas, Malang 65113, East Java, Indonesia",-7.958150299758183,112.6208076,"['catering', 'catering.cafe']",geoapify,Kota Malang,3.9,1741,7.462789157412448,0.78,4.203132040569919
Noch Coffee,Unknown,"Noch Coffee, Jalan Suropati, Malang 65111, East Java, Indonesia",-7.975251499759196,112.6345537,"['catering', 'catering.cafe']",geoapify,Kota Malang,3.9,1108,7.011213987350367,0.78,4.113992465846236
DPT KEDAWUNG,Unknown,"DPT KEDAWUNG, Jalan Kedawung, Malang 65122, East Java, Indonesia",-7.952803699757872,112.6385522,"['catering', 'catering.restaurant']",geoapify,Kota Malang,4.2,1820,7.507141079727608,0.8400000000000001,4.42188697608333
Kopi Tuju,Unknown,"Kopi Tuju, Jalan Sutan Syahrir 7, Malang 65118, East Java, Indonesia",-7.985592499759819,112.6309825,"['catering', 'catering.cafe', 'catering.cafe.coffee', 'catering.cafe.coffee_shop']",geoapify,Kota Malang,3.7,1557,7.351158226430694,0.74,4.041096431941671
Starbucks,Unknown,"Starbucks, Jalan Terusan Dieng, Malang 65115, East Java, Indonesia",-7.973515099759108,112.6119661,"['catering', 'catering.cafe', 'catering.cafe.coffee', 'catering.cafe.coffee_shop', 'internet_access']",geoapify,Kota Malang,4.6,1970,7.58629630715272,0.9199999999999999,4.717511978912563
J.Co,Unknown,"J.Co, Jalan Terusan Dieng, Malang 65115, East Java, Indonesia",-7.973500099759088,112.61145209999998,"['catering', 'catering.fast_food', 'internet_access']",geoapify,Kota Malang,4.6,51,3.9512437185814275,0.9199999999999999,3.9999635765083212
